Adam Cooke acooke@calbaptist.edu
Adam Tribble atribble@calbaptist.edu
Jordan Tager	tagerje@brevard.edu
Darryll Patrick	patricdw@brevard.edu
Andrew Howard andrew.howard@pfeiffer.edu
Blake Guillozet Blake.Guillozet@pfeiffer.edu
Pete Mazzone pmazzone@fit.edu
Matt Levassiur mlevassiur@flsouthern.edu
Chris Wood cdwood@lynn.edu
Roger Cooke rcooke@lynn.edu
Bryan Hagopian bh456@nova.edu
Maryellen Powers maryellen_powers@pba.edu
Whit Wismar WWISMAR@Rollins.edu
Kent Reiber kent.reiber@saintleo.edu
Rick Jones rick.jones@saintleo.edu
Dror Vaknin dvaknin@ut.edu
Keith Batten kbatten@tampaspartans.com
Kenneth Taylor	kenneth.taylor@asurams.edu
Frank Hyland Frank.Hyland@benedict.edu
James Rollins	jrollins@centralstate.edu
Terry Rhodes terry.rhodes@fvsu.edu
Fatimah Shabazz	fatimah.shabazz@kysu.edu
Galen Young gyoung@lanecollege.edu
Byron Ray Byron_ray@loc.edu
Erica Harris eharris@miles.edu
Christopher Doomes christopher.doomes@morehouse.edu
Mike Hamer mhamer@paine.edu
Craig McVey	cmcvey@shc.edu
Donald Cooper dcooper@shc.edu
Keith Higdon khigdon@tuskegee.edu
Kevin Eagle	keagle@andersonuniversity.edu
Bill Neely wneely@andersonuniversity.edu
Luke Greer ljgreer@cn.edu
David Needs	dneeds@cn.edu
Jason Bryan jpbryan14@catawba.edu
Peter Early pearly@coker.edu
Kevin Paterson kevin.paterson@lr.edu
Rochelle Black rochelle.black@lmunet.edu
Richard Clarke richard_clarke@mhu.edu
Alex Griggs	alex_griggs@mhu.edu
Roger Keesling roger.keesling@newberry.edu
Tom Scott scottt3@queens.edu
Sarah Smith scs6p@uvawise.edu
Cory Pratt cpratt@tusculum.edu
Pol Domenech p.domenech@wingate.edu
Damon Martin ddmartin@adams.edu
Scott Walkinshaw Scott.Walkinshaw@BHSU.edu
Luke Karamitros lkaramitros@csc.edu
Jon Poag jpoag@ccu.edu
Tim Reetz treetz@coloradomesa.edu
Chris Siemers	csiemers@mines.edu
Matt Morris	matthew.morris@csupueblo.edu
Derrick Williams	derrick.williams@csupueblo.edu
Justin Decker jdecker@dixie.edu
Joshua Coon jdcoon@fortlewis.edu
Nicholas Lara	nlara3@msudenver.edu
Bob DeVries	rdevries@nmhu.edu
John Esquibel	jesquibe@regis.edu
Steve Johnson Steven.Johnson@sdsmt.edu
Mark Wetmore mark.wetmore@colorado.edu
Heather Burroughs	heather.burroughs@colorado.edu
Jennifer Michel	jmichel@western.edu
Shane Niksic sniksic@western.edu
Jenny Krueger	kruegeje@westminster.edu
Tim McNeil mcneiltj@westminster.edu
Bernie Empie bempie@bloomu.edu
Daniel Caulfield caulfield@calu.edu
Joe Koch jkoch@esu.edu
Clayton Foster ckfoster@edinboro.edu
John Carrig carrig001@gannon.edu
Andrew Poore aspoore@indiana.edu
Ron Helmer	rhelmer@indiana.edu
Ray Hoffman hoffman@kutztown.edu
Aaron Russell arussell@lockhaven.edu
Mike Rohl mrohl@mansfield.edu
Bobby Over rover@setonhill.edu
Michael Williamson mwilli715@lakers.mercyhurst.edu
Steve Spence	SASpen@ship.edu
John Papa john.papa@sru.edu
Brad Herbster bherbster@pitt.edu
Kyle Murray kmurray@wcupa.edu
Adam Ward	award4@augusta.edu
David Marley marley_david@columbusstate.edu
Wendell Staton wendell.staton@gcsu.edu
Mark Bluman	mbluman@fmarion.edu
Cole Clearman cole.clearman@gsw.edu
Kevin Scola kscola@lander.edu
Matthew Stuck matthew.stuck@uncp.edu
Lauren Etheridge LaurenEt@usca.edu
Barry Brown bbrown@yhc.edu
Preston Grey pgrey@apu.edu
Steve Fuelling sfuelling@academyart.edu
kevin Horchler kevin.j.horchler@biola.edu
Teressa DiPerna teressa.diperna@dominican.edu
Keegan Bloomfield keegan.bloomfield@cui.edu
Jordan Tuin jordan.tuin@cui.edu
Ray Winter	ray.winter@fresno.edu
Jackie Sgambati	jsgambati@hpu.edu
Chas Davis cdavis@hnu.edu
Anthony Lozano lozano@hnu.edu
David Pieper	pieperd@csp.edu
Jonathan Breitbarth breitbarth@csp.edu
Pete Goeringer peter.goeringer@mnsu.edu
Jen Blue jennifer.blue@mnsu.edu
Ryan Milner	ryan.milner@mnstate.edu
Andrew Carlson	Andrew.David.Carlson@ndsu.edu
Don Larson Donald.C.Larson@ndsu.edu
Livia Mahaffie livia.mahaffie@northern.edu
Kirk Nauman kirk.nauman@smsu.edu
Derek Myers dgmyers1@umary.edu
Paul Nisius	pnisius@d.umn.edu
Steven Krouse swkrouse@umn.edu
Doug Petersen Doug.Petersen@USiouxFalls.edu
Quinton Harley harleyq65@uiu.edu
Andre White whitea995@peacocks.uiu.edu
Henry Phelan ht.phelan@assumption.edu
Joe Sliwoski j.sliwoski@assumption.edu
John Hibshman john.hibshman@winona.edu
Marlon Brink mabrink1@wsc.edu
Zach Emerson	emersonz@franklinpierce.edu
Sean Beney  beneysm@lemoyne.edu
Robin Wheeless wheeleab@lemoyne.edu
Ed Stickles estickles@pace.edu
Matthew Gonnella mgonnella@anselm.edu
Brian Stankiewicz	bstankiewicz@anselm.edu
Joe Connelly jconnelly@smcvt.edu
Nelson Laskoski laskoskin1@southernct.edu
John Wallin wallinj2@southernct.edu
Brian Nill nillb1@southernct.edu
Ray Putnam	putnamr@strose.edu
Karen Boen kboen@stonehill.edu
Michael Delgado mdelgado@stonehill.edu
Nick Aguila	n.aguila-mandich@snhu.edu
Nicholas Noheimer nnoheimer@newhaven.edu
Cayla Pellegrini	pellegrinic@merrimack.edu
Mike Cox coxm@concord.edu
Jason Pyles	pylesj@dewv.edu
Omar Lane laneo@dewv.edu
Rob Nucilli	Rob.Nucilli@fairmontstate.edu
Logan Harrison	Logan.Harrison@glenville.edu
Jonathan McCants jonathanmccants@ucwv.edu
Nick Bias	nicholasbias@ucwv.edu
Grant Brinson grantbrinson@ucwv.edu
Justin Simpson Justin.simpson@westliberty.edu
Mark Stanbrough mstanbro@emporia.edu
Steven Blocker	sblocke1@emporia.edu
Patrick Stanton pstanton@wju.edu
Alan Crise crise.a@wvwc.edu
Andrea Chidester chidester.a@wvwc.edu
Josh Schepis schepisj@newmanu.edu
Jason McCullough jmccullo@fhsu.edu
Dena Kelly kellyd@newmanu.edu
Cody Ingold cingold@missouriwestern.edu
Ben Dodson bdodson1@missouriwestern.edu
Matt Kennedy mkennedy@rsu.edu
Hunter Briggs hbriggs@rsu.edu
Matt Brown mbrown@pittstate.edu
Kyle Rutledge krutledge@pittstate.edu
Nick Gibson	ngibson@nwmissouri.edu
Brandon Masters	bmasters@nwmissouri.edu
David Granato david.granato@washburn.edu
Cameron Babb cameron.babb@washburn.edu
Brady Bonsall bonsallbi@unk.edu
J.R. Blackwood blackwoodj2@lopers.unk.edu
Zack Krieger zrk49820@ucmo.edu
Kirk Pedersen	pedersen@ucmo.edu
Tom Dibbern tdibbern@angelo.edu
Zach Johnson zjohnson@cameron.edu
Adam Godwin adam.godwin@cameron.edu
Jacob Phillips jacobp@dbu.edu
Kelsey Bruce	kelseyb@dbu.edu
Andrew Price andrew@dbu.edu
Jeff Kavalunas Jeff.Kavalunas@enmu.edu
Nick Cordes	nick.cordes@lcu.edu
Wade Miller wade.miller@oc.edu
Pat Ponder ponder@tarleton.edu
Clay Holland cholland02@tarleton.edu
Aared Sampson aared.sampson@tamuk.edu
Ryan Ponsonby rponsonb@stedwards.edu
Alick Musukuma Musukuma_a@utpb.edu
Jake Krolick jkrolick@wtamu.edu
Mason Rhodes mason.rhodes@uafs.edu
Bill Hoffman	 bhoffman@cbu.edu
Ryan Thompson rthomp14@aum.edu
Macario Campos teamelite@hotmail.com
Joseph Crook jcrook@leeuniversity.edu
Caleb Morgan cmorgan@leeuniversity.edu
Matthew Reneker mreneker@mc.edu
Willie Griffieth	wgriffieth@shorter.edu
Juwan Lamar	jlamar@shorter.edu
Bailey Bell bbell@uu.edu
David Cain	caind@uah.edu
Tommy Barksdale tbarksdale@montevallo.edu
Julia Marquardt jmarquardt@montevallo.edu
Caleb Carmichael ccarmichael@uwf.edu
Ryan Bailey rbailey@westga.edu
Todd Smoot tlsmoot@valdosta.edu
Bryan Contreras	contrerb@cwu.edu
Kevin Adkisson adkisson@cwu.edu
Jonathan Woehl jonathan.woehl@msubillings.edu
Evan Kohl kohl.evan@msubillings.edu
anny Bowman dtbowman@nnu.edu
Brit Townsend	btownsen@sfu.ca
Karl Lerum lerumk@spu.edu
Chris Reed chrisreed@spu.edu
Jim Brewer JBrewer@stmartin.edu
Rachel Brewer RBrewer@stmartin.edu
Ryan McWilliams	rbmcwilliams@alaska.edu
Ray Shadowens rnshadowens@alaska.edu
Nick Crawford ncrawford2@alaska.edu
Eliska Albrigtsen ehalbrigtsen@alaska.edu
Mike Johnson johnsonm@wou.edu
Zach Holloway hollowayz@mail.wou.edu
Jerret Mantalas jmantalas@cu-portland.edu
Pee Wee Halsell peewee.halsell@wwu.edu
Bill Roe bill.roe@wwu.edu
Kaylyn Christopher christopherkm@ab.edu
Paris Vaughan vaughanpa@ab.edu
Paul Orchard	orchardp@cedarville.edu
R.P. White	rwhite@hillsdale.edu
Andrew Towne	atowne@hillsdale.edu
Brian Hesson	brian.hesson@ovu.edu
Sam Young george.young@myovu.net
Connor Callahan	callahac2@ohiodominican.edu
Jack Hazen	jhazen@malone.edu
David Gramlich	dgramlich@malone.edu
Giles Davis gdavis@lec.edu
Dalton Graham	dgraham@lec.edu
Tony Rowe trowe@kwc.edu
Mark Rowe	mark.rowe@kwc.edu
Jeremy Croy croyjn@tiffin.edu
Andrew Sweeney sweeneyat@tiffin.edu
Austin Selby	aselby@trevecca.edu
Eric Wymer eric.wymer@findlay.edu
Rob Mizicko	rmizicko@walsh.edu
Chase Broughton	cbroughton@bellarmine.edu
Kyle Gibson kgibson004@drury.edu
James Kearney kearneja@lewisu.edu
Karis Johnson kjohnson44@lewisu.edu
David Nicholson dnicholson@lindenwood.edu
Randy Cole rcole@lindenwood.edu
Tyson Murphy tyson.murphy@maryvillecollege.edu
Agne Eggerth	aeggerth@mckendree.edu
Hannah Inyart	hcinyart@mckendree.edu
Shaun Meinecke meineckes@mst.edu
Mary Duerbeck duerbeckm@mst.edu
Randy Overby overbyra@quincy.edu
Kathy Strecker kathleen.strecker@rockhurst.edu
Corey McElhaney cmcelhaney@sbuniv.edu
Marshall O'Brien mobrien@sbuniv.edu
Tim Schwegler schweg@truman.edu
Tyler Pence tpenc2@uis.edu
Brad Robinson robinsonbt@uindy.edu
Steve Picucci spicucci@umsl.edu
Mike Hillyard	mhillyar@usi.edu
Rayshawn Walker walkerr@william.jewell.edu
Jacob Sussman	jsussman@ashland.edu
Scott Cook scook@davenport.edu
Matt Hewson mhewson@davenport.edu
Jared Kelsh	JaredKelsh@Ferris.edu
Larry Levine levinel@ferris.edu
Aaron Watson watsona1@gvsu.edu
Jerry Baltes baltesj@gvsu.edu
Rob Gallinger rgallinger@lssu.edu
Roger An ran@lssu.edu
Tom Monahan	thjsmith@mtu.edu
Jeremy Wilk wilkj@northwood.edu
Collin Nurenberg nurenbec@northwood.edu
Austin Warner	austin61@pnw.edu
Rod Cowan	rmcowan@svsu.edu
Tom Goforth		togofort@svsu.edu
Pete Henkes henkes@uwp.edu
Nate Miller az1554@wayne.edu
Grant Lofdahl gm1636@wayne.edu
Steve Sawyer ssawyer@ecok.edu
Don Hood dhood@harding.edu
Jill Lancaster	jllancaster@nwosu.edu
Frezer Legesse frezer.legesse@okbu.edu
Tim Servis tpservis@saumag.edu
Billy Miller bmiller@snu.edu
Rob Leonard mbsf@uamont.edu
Pete Gratien pgratien@daemen.edu
Conor Gallagher cgallagher1@lions.molloy.edu
Bill Buith wbuith@molloy.edu
Lenroy Raffington lraffing@nyit.edu
Sean Phillips sphill04@nyit.edu
Robert Davis robert.davis@qc.cuny.edu
Jennifer Dorr dorr_jennifer@roberts.edu
Ray Kondracki rkondrac@stac.edu
Mike Ruane mruane@bridgeport.edu
Tyler Amerson rtamerson@barton.edu
Sterling Jones	spjones2@barton.edu
Dan Finanger	danielfinanger@bac.edu
EJ Cerdeiras	eduardocerdeiras@bac.edu
Erica Blubaugh ejblubaugh@chowan.edu
Rick Wilson rwilson@ec.edu
Mary Wilson mary.wilson@ec.edu
Dylan Anderson danderson@erskine.edu
Nathan Meeuwenberg nkmeeuwenberg@king.edu
Ley Fletcher	fletcherl@lmc.edu
Cord Sgaglio csgaglio@limestone.edu
Cameron Stober cameron.stober2@ngu.edu
David Pickett david.pickett@ngu.edu
Greg Thiel gthiel@swu.edu
Jake Simms jsimms@swu.edu
Jackie Kirby jkirby@umo.edu
Erasmo Ordonez eordonez@umo.edu
Daphnie Johnson dljohnson@ecsu.edu
Richard Briggs rbriggs3@uncfsu.edu
Inez Turner	iturner2@uncfsu.edu
Kevin Howell	kevin.howell@shawu.edu
Sandy Chapman smchapman@st-aug.edu
Justin Davis	jdavis@livingstone.edu
Ailene Smith smitha@lincolnu.edu
Victor Thomas thomasv@lincolnu.edu
Antoine Sidberry asidberry@jcsu.edu
Kenny Anderson kranderson@jcsu.edu
Christopher Henry chenry@vsu.edu
Melissa Ferry mcferry@vuu.edu
Antonio Wells wellsas@wssu.edu 
Kaymarie Jones	joneskj@wssu.edu
Maria Stickley stickleym@chc.edu
Darren Boone darren_boone@bloomfield.edu
Laura Brezovsky Laura.Brezovsky@concordia-ny.edu
Kimberly Piard kimberly.piard@dc.edu
Elson Smajlaj SmajlajE@felician.edu
Anthony Scannella	ScannellaA@felician.edu
Jon Messner jmessner@georgian.edu
Andrew Shearer shearer@gbc.edu
Alec Fixl alec.fixl@jefferson.edu
Daryl Nelson coachnelson92@gmail.com
Gregg Schmidt gschmidt@post.edu
Dwight Brandon dbrandon@holyfamily.edu
Nate Garcia  ngarcia@ucsd.edu
David Urista duristaxc@gmail.com
Sarah Ingram smi6@humboldt.edu
Jamey Harris jamey@humboldt.edu
Keith Jones kjmilesix@gmail.com
Jeremy Provence jprovence@una.edu